-- Seed básico: categorías + usuarios/profiles (Alicante foco)
truncate table public.leads restart identity cascade;
truncate table public.reviews restart identity cascade;
truncate table public.professional_profiles restart identity cascade;
truncate table public.users restart identity cascade;
truncate table public.categories restart identity cascade;

insert into public.categories (slug, name, icon) values
  ('fontaneria','Fontanería','fontaneria'),
  ('electricidad','Electricidad','electricidad'),
  ('jardineria','Jardinería','jardineria'),
  ('pintura','Pintura','pintura'),
  ('carpinteria','Carpintería','carpinteria'),
  ('limpieza','Limpieza','limpieza');

insert into public.users (id, role, name, pro_plan) values ('11111111-1111-4111-8111-111111111111','CLIENTE','Cliente Demo','FREE');
insert into public.users (id, role, name, pro_plan) values ('00000000-0000-4000-8000-000000000001','PROFESIONAL','Carlos García','FREE');
insert into public.professional_profiles (user_id, city, postal_code, categories, base_price, bio, photo_url, verified, emergency, availability) values ('00000000-0000-4000-8000-000000000001','Alicante','03001',ARRAY['Fontanería','Electricidad'],35,'Especialista en fontanería con atención rápida y garantía.','https://i.pravatar.cc/300?img=1',true,true,'["Lun", "Mar", "Mie", "Jue", "Vie"]'::jsonb);
insert into public.users (id, role, name, pro_plan) values ('00000000-0000-4000-8000-000000000002','PROFESIONAL','Lucía López','FREE');
insert into public.professional_profiles (user_id, city, postal_code, categories, base_price, bio, photo_url, verified, emergency, availability) values ('00000000-0000-4000-8000-000000000002','Alicante','03001',ARRAY['Electricidad','Jardinería'],36,'Especialista en electricidad con atención rápida y garantía.','https://i.pravatar.cc/300?img=2',false,false,'["Sab", "Dom"]'::jsonb);
insert into public.users (id, role, name, pro_plan) values ('00000000-0000-4000-8000-000000000003','PROFESIONAL','Miguel Martín','FREE');
insert into public.professional_profiles (user_id, city, postal_code, categories, base_price, bio, photo_url, verified, emergency, availability) values ('00000000-0000-4000-8000-000000000003','Alicante','03001',ARRAY['Jardinería','Pintura'],37,'Especialista en jardinería con atención rápida y garantía.','https://i.pravatar.cc/300?img=3',true,false,'["Lun", "Mar", "Mie", "Jue", "Vie"]'::jsonb);
insert into public.users (id, role, name, pro_plan) values ('00000000-0000-4000-8000-000000000004','PROFESIONAL','Laura Sánchez','FREE');
insert into public.professional_profiles (user_id, city, postal_code, categories, base_price, bio, photo_url, verified, emergency, availability) values ('00000000-0000-4000-8000-000000000004','Alicante','03001',ARRAY['Pintura','Carpintería'],38,'Especialista en pintura con atención rápida y garantía.','https://i.pravatar.cc/300?img=4',false,true,'["Sab", "Dom"]'::jsonb);
insert into public.users (id, role, name, pro_plan) values ('00000000-0000-4000-8000-000000000005','PROFESIONAL','Javier Fernández','FREE');
insert into public.professional_profiles (user_id, city, postal_code, categories, base_price, bio, photo_url, verified, emergency, availability) values ('00000000-0000-4000-8000-000000000005','Alicante','03001',ARRAY['Carpintería','Limpieza'],39,'Especialista en carpintería con atención rápida y garantía.','https://i.pravatar.cc/300?img=5',true,false,'["Lun", "Mar", "Mie", "Jue", "Vie"]'::jsonb);
insert into public.users (id, role, name, pro_plan) values ('00000000-0000-4000-8000-000000000006','PROFESIONAL','Elena Ruiz','FREE');
insert into public.professional_profiles (user_id, city, postal_code, categories, base_price, bio, photo_url, verified, emergency, availability) values ('00000000-0000-4000-8000-000000000006','Alicante','03001',ARRAY['Limpieza','Fontanería'],40,'Especialista en limpieza con atención rápida y garantía.','https://i.pravatar.cc/300?img=6',false,false,'["Sab", "Dom"]'::jsonb);
insert into public.users (id, role, name, pro_plan) values ('00000000-0000-4000-8000-000000000007','PROFESIONAL','Sergio García','FREE');
insert into public.professional_profiles (user_id, city, postal_code, categories, base_price, bio, photo_url, verified, emergency, availability) values ('00000000-0000-4000-8000-000000000007','Alicante','03001',ARRAY['Fontanería','Electricidad'],41,'Especialista en fontanería con atención rápida y garantía.','https://i.pravatar.cc/300?img=7',true,true,'["Lun", "Mar", "Mie", "Jue", "Vie"]'::jsonb);
insert into public.users (id, role, name, pro_plan) values ('00000000-0000-4000-8000-000000000008','PROFESIONAL','Ana López','FREE');
insert into public.professional_profiles (user_id, city, postal_code, categories, base_price, bio, photo_url, verified, emergency, availability) values ('00000000-0000-4000-8000-000000000008','Alicante','03001',ARRAY['Electricidad','Jardinería'],42,'Especialista en electricidad con atención rápida y garantía.','https://i.pravatar.cc/300?img=8',false,false,'["Sab", "Dom"]'::jsonb);
insert into public.users (id, role, name, pro_plan) values ('00000000-0000-4000-8000-000000000009','PROFESIONAL','Rubén Martín','FREE');
insert into public.professional_profiles (user_id, city, postal_code, categories, base_price, bio, photo_url, verified, emergency, availability) values ('00000000-0000-4000-8000-000000000009','Alicante','03001',ARRAY['Jardinería','Pintura'],43,'Especialista en jardinería con atención rápida y garantía.','https://i.pravatar.cc/300?img=9',true,false,'["Lun", "Mar", "Mie", "Jue", "Vie"]'::jsonb);
insert into public.users (id, role, name, pro_plan) values ('00000000-0000-4000-8000-00000000000a','PROFESIONAL','Marta Sánchez','FREE');
insert into public.professional_profiles (user_id, city, postal_code, categories, base_price, bio, photo_url, verified, emergency, availability) values ('00000000-0000-4000-8000-00000000000a','Alicante','03001',ARRAY['Pintura','Carpintería'],44,'Especialista en pintura con atención rápida y garantía.','https://i.pravatar.cc/300?img=10',false,true,'["Sab", "Dom"]'::jsonb);
insert into public.users (id, role, name, pro_plan) values ('00000000-0000-4000-8000-00000000000b','PROFESIONAL','Iván Fernández','FREE');
insert into public.professional_profiles (user_id, city, postal_code, categories, base_price, bio, photo_url, verified, emergency, availability) values ('00000000-0000-4000-8000-00000000000b','Valencia','46001',ARRAY['Carpintería','Limpieza'],45,'Especialista en carpintería con atención rápida y garantía.','https://i.pravatar.cc/300?img=11',true,false,'["Lun", "Mar", "Mie", "Jue", "Vie"]'::jsonb);
insert into public.users (id, role, name, pro_plan) values ('00000000-0000-4000-8000-00000000000c','PROFESIONAL','Paula Ruiz','FREE');
insert into public.professional_profiles (user_id, city, postal_code, categories, base_price, bio, photo_url, verified, emergency, availability) values ('00000000-0000-4000-8000-00000000000c','Sevilla','41001',ARRAY['Limpieza','Fontanería'],46,'Especialista en limpieza con atención rápida y garantía.','https://i.pravatar.cc/300?img=12',false,false,'["Sab", "Dom"]'::jsonb);
insert into public.users (id, role, name, pro_plan) values ('00000000-0000-4000-8000-00000000000d','PROFESIONAL','Diego García','FREE');
insert into public.professional_profiles (user_id, city, postal_code, categories, base_price, bio, photo_url, verified, emergency, availability) values ('00000000-0000-4000-8000-00000000000d','Bilbao','48001',ARRAY['Fontanería','Electricidad'],47,'Especialista en fontanería con atención rápida y garantía.','https://i.pravatar.cc/300?img=13',true,true,'["Lun", "Mar", "Mie", "Jue", "Vie"]'::jsonb);
insert into public.users (id, role, name, pro_plan) values ('00000000-0000-4000-8000-00000000000e','PROFESIONAL','Nuria López','FREE');
insert into public.professional_profiles (user_id, city, postal_code, categories, base_price, bio, photo_url, verified, emergency, availability) values ('00000000-0000-4000-8000-00000000000e','Málaga','29001',ARRAY['Electricidad','Jardinería'],48,'Especialista en electricidad con atención rápida y garantía.','https://i.pravatar.cc/300?img=14',false,false,'["Sab", "Dom"]'::jsonb);
insert into public.users (id, role, name, pro_plan) values ('00000000-0000-4000-8000-00000000000f','PROFESIONAL','Andrés Martín','FREE');
insert into public.professional_profiles (user_id, city, postal_code, categories, base_price, bio, photo_url, verified, emergency, availability) values ('00000000-0000-4000-8000-00000000000f','Zaragoza','50001',ARRAY['Jardinería','Pintura'],49,'Especialista en jardinería con atención rápida y garantía.','https://i.pravatar.cc/300?img=15',true,false,'["Lun", "Mar", "Mie", "Jue", "Vie"]'::jsonb);
insert into public.users (id, role, name, pro_plan) values ('00000000-0000-4000-8000-000000000010','PROFESIONAL','Carlos Sánchez','FREE');
insert into public.professional_profiles (user_id, city, postal_code, categories, base_price, bio, photo_url, verified, emergency, availability) values ('00000000-0000-4000-8000-000000000010','Alicante','03001',ARRAY['Pintura','Carpintería'],50,'Especialista en pintura con atención rápida y garantía.','https://i.pravatar.cc/300?img=16',false,true,'["Sab", "Dom"]'::jsonb);
insert into public.users (id, role, name, pro_plan) values ('00000000-0000-4000-8000-000000000011','PROFESIONAL','Lucía Fernández','FREE');
insert into public.professional_profiles (user_id, city, postal_code, categories, base_price, bio, photo_url, verified, emergency, availability) values ('00000000-0000-4000-8000-000000000011','Madrid','28001',ARRAY['Carpintería','Limpieza'],51,'Especialista en carpintería con atención rápida y garantía.','https://i.pravatar.cc/300?img=17',true,false,'["Lun", "Mar", "Mie", "Jue", "Vie"]'::jsonb);
insert into public.users (id, role, name, pro_plan) values ('00000000-0000-4000-8000-000000000012','PROFESIONAL','Miguel Ruiz','FREE');
insert into public.professional_profiles (user_id, city, postal_code, categories, base_price, bio, photo_url, verified, emergency, availability) values ('00000000-0000-4000-8000-000000000012','Barcelona','08001',ARRAY['Limpieza','Fontanería'],52,'Especialista en limpieza con atención rápida y garantía.','https://i.pravatar.cc/300?img=18',false,false,'["Sab", "Dom"]'::jsonb);
insert into public.users (id, role, name, pro_plan) values ('00000000-0000-4000-8000-000000000013','PROFESIONAL','Laura García','FREE');
insert into public.professional_profiles (user_id, city, postal_code, categories, base_price, bio, photo_url, verified, emergency, availability) values ('00000000-0000-4000-8000-000000000013','Valencia','46001',ARRAY['Fontanería','Electricidad'],53,'Especialista en fontanería con atención rápida y garantía.','https://i.pravatar.cc/300?img=19',true,true,'["Lun", "Mar", "Mie", "Jue", "Vie"]'::jsonb);
insert into public.users (id, role, name, pro_plan) values ('00000000-0000-4000-8000-000000000014','PROFESIONAL','Javier López','FREE');
insert into public.professional_profiles (user_id, city, postal_code, categories, base_price, bio, photo_url, verified, emergency, availability) values ('00000000-0000-4000-8000-000000000014','Sevilla','41001',ARRAY['Electricidad','Jardinería'],54,'Especialista en electricidad con atención rápida y garantía.','https://i.pravatar.cc/300?img=20',false,false,'["Sab", "Dom"]'::jsonb);
insert into public.users (id, role, name, pro_plan) values ('00000000-0000-4000-8000-000000000015','PROFESIONAL','Elena Martín','FREE');
insert into public.professional_profiles (user_id, city, postal_code, categories, base_price, bio, photo_url, verified, emergency, availability) values ('00000000-0000-4000-8000-000000000015','Bilbao','48001',ARRAY['Jardinería','Pintura'],55,'Especialista en jardinería con atención rápida y garantía.','https://i.pravatar.cc/300?img=21',true,false,'["Lun", "Mar", "Mie", "Jue", "Vie"]'::jsonb);
insert into public.users (id, role, name, pro_plan) values ('00000000-0000-4000-8000-000000000016','PROFESIONAL','Sergio Sánchez','FREE');
insert into public.professional_profiles (user_id, city, postal_code, categories, base_price, bio, photo_url, verified, emergency, availability) values ('00000000-0000-4000-8000-000000000016','Málaga','29001',ARRAY['Pintura','Carpintería'],56,'Especialista en pintura con atención rápida y garantía.','https://i.pravatar.cc/300?img=22',false,true,'["Sab", "Dom"]'::jsonb);
insert into public.users (id, role, name, pro_plan) values ('00000000-0000-4000-8000-000000000017','PROFESIONAL','Ana Fernández','FREE');
insert into public.professional_profiles (user_id, city, postal_code, categories, base_price, bio, photo_url, verified, emergency, availability) values ('00000000-0000-4000-8000-000000000017','Zaragoza','50001',ARRAY['Carpintería','Limpieza'],57,'Especialista en carpintería con atención rápida y garantía.','https://i.pravatar.cc/300?img=23',true,false,'["Lun", "Mar", "Mie", "Jue", "Vie"]'::jsonb);
insert into public.users (id, role, name, pro_plan) values ('00000000-0000-4000-8000-000000000018','PROFESIONAL','Rubén Ruiz','FREE');
insert into public.professional_profiles (user_id, city, postal_code, categories, base_price, bio, photo_url, verified, emergency, availability) values ('00000000-0000-4000-8000-000000000018','Alicante','03001',ARRAY['Limpieza','Fontanería'],58,'Especialista en limpieza con atención rápida y garantía.','https://i.pravatar.cc/300?img=24',false,false,'["Sab", "Dom"]'::jsonb);
insert into public.users (id, role, name, pro_plan) values ('00000000-0000-4000-8000-000000000019','PROFESIONAL','Marta García','FREE');
insert into public.professional_profiles (user_id, city, postal_code, categories, base_price, bio, photo_url, verified, emergency, availability) values ('00000000-0000-4000-8000-000000000019','Madrid','28001',ARRAY['Fontanería','Electricidad'],59,'Especialista en fontanería con atención rápida y garantía.','https://i.pravatar.cc/300?img=25',true,true,'["Lun", "Mar", "Mie", "Jue", "Vie"]'::jsonb);
insert into public.users (id, role, name, pro_plan) values ('00000000-0000-4000-8000-00000000001a','PROFESIONAL','Iván López','FREE');
insert into public.professional_profiles (user_id, city, postal_code, categories, base_price, bio, photo_url, verified, emergency, availability) values ('00000000-0000-4000-8000-00000000001a','Barcelona','08001',ARRAY['Electricidad','Jardinería'],60,'Especialista en electricidad con atención rápida y garantía.','https://i.pravatar.cc/300?img=26',false,false,'["Sab", "Dom"]'::jsonb);
insert into public.users (id, role, name, pro_plan) values ('00000000-0000-4000-8000-00000000001b','PROFESIONAL','Paula Martín','FREE');
insert into public.professional_profiles (user_id, city, postal_code, categories, base_price, bio, photo_url, verified, emergency, availability) values ('00000000-0000-4000-8000-00000000001b','Valencia','46001',ARRAY['Jardinería','Pintura'],61,'Especialista en jardinería con atención rápida y garantía.','https://i.pravatar.cc/300?img=27',true,false,'["Lun", "Mar", "Mie", "Jue", "Vie"]'::jsonb);
insert into public.users (id, role, name, pro_plan) values ('00000000-0000-4000-8000-00000000001c','PROFESIONAL','Diego Sánchez','FREE');
insert into public.professional_profiles (user_id, city, postal_code, categories, base_price, bio, photo_url, verified, emergency, availability) values ('00000000-0000-4000-8000-00000000001c','Sevilla','41001',ARRAY['Pintura','Carpintería'],62,'Especialista en pintura con atención rápida y garantía.','https://i.pravatar.cc/300?img=28',false,true,'["Sab", "Dom"]'::jsonb);
insert into public.users (id, role, name, pro_plan) values ('00000000-0000-4000-8000-00000000001d','PROFESIONAL','Nuria Fernández','FREE');
insert into public.professional_profiles (user_id, city, postal_code, categories, base_price, bio, photo_url, verified, emergency, availability) values ('00000000-0000-4000-8000-00000000001d','Bilbao','48001',ARRAY['Carpintería','Limpieza'],63,'Especialista en carpintería con atención rápida y garantía.','https://i.pravatar.cc/300?img=29',true,false,'["Lun", "Mar", "Mie", "Jue", "Vie"]'::jsonb);
insert into public.users (id, role, name, pro_plan) values ('00000000-0000-4000-8000-00000000001e','PROFESIONAL','Andrés Ruiz','FREE');
insert into public.professional_profiles (user_id, city, postal_code, categories, base_price, bio, photo_url, verified, emergency, availability) values ('00000000-0000-4000-8000-00000000001e','Málaga','29001',ARRAY['Limpieza','Fontanería'],64,'Especialista en limpieza con atención rápida y garantía.','https://i.pravatar.cc/300?img=30',false,false,'["Sab", "Dom"]'::jsonb);